<?xml version="1.0" encoding="utf-8"?>
<odoo>
    <data noupdate="1">
       
        
        
        
            <record id="product_product_wallet" model="product.product">
            <field name="name">SAR in the wallet </field>
            <field name="type">service</field>
            <field name="image_1920" type="base64" file="e_wallet/real.jpg"/>
            <field name="company_id" ref="base.main_company"/>
           <field name="is_wallet">True</field>
        </record>
        
       
       
       
                 

    </data>
</odoo>
